attendeeID,name,email,phoneNo,eventID,registrationDate,attendanceTime
A001,Aditya Iyer,aditya.iyer@gmail.com,8541236431,61,28-12-2025,14:54:25
A002,Isha Pawar,isha.pawar@gmail.com,7595846096,42,24-07-2026,03:09:24
A003,Om Pawar,om.pawar@gmail.com,8336421698,117,03-12-2025,18:10:51
A004,Sneha Patil,sneha.patil@gmail.com,8128776343,142,19-09-2025,00:54:25
A005,Siya Joshi,siya.joshi@gmail.com,9375833973,16,04-11-2025,23:37:16
A006,Nikhil Joshi,nikhil.joshi@gmail.com,9319271256,131,03-07-2026,19:11:50
A007,Sneha Gupta,sneha.gupta@gmail.com,9571019439,72,06-07-2025,11:31:50
A008,Isha Rao,isha.rao@gmail.com,7438427376,42,12-04-2025,04:00:31
A009,Karan Mehta,karan.mehta@gmail.com,7991255121,41,22-09-2026,20:03:31
A010,Neha Deshmukh,neha.deshmukh@gmail.com,7969994940,110,08-07-2026,16:34:36
A011,Rahul Pawar,rahul.pawar@gmail.com,8695728969,8,30-12-2026,18:41:29
A012,Neha Deshmukh,neha.deshmukh@gmail.com,8121719776,28,14-01-2026,09:35:25
A013,Priya Iyer,priya.iyer@gmail.com,7514613782,8,03-08-2026,17:45:07
A014,Nikhil Kulkarni,nikhil.kulkarni@gmail.com,7296507935,39,12-03-2025,01:29:27
A015,Priya Patil,priya.patil@gmail.com,7806579387,63,05-11-2025,11:12:52
A016,Rahul Sharma,rahul.sharma@gmail.com,8539669939,45,26-08-2026,14:21:47
A017,Sneha Sharma,sneha.sharma@gmail.com,8978395907,42,11-10-2026,04:18:35
A018,Ananya Gupta,ananya.gupta@gmail.com,7255405035,105,06-12-2026,16:17:08
A019,Isha Deshmukh,isha.deshmukh@gmail.com,7614701205,75,23-11-2026,08:32:12
A020,Tanya Rao,tanya.rao@gmail.com,7250600006,36,30-03-2026,00:30:08
A021,Ananya Patil,ananya.patil@gmail.com,9449948898,73,27-07-2026,15:34:54
A022,Karan Patil,karan.patil@gmail.com,7350383684,31,22-08-2025,02:55:03
A023,Om Rao,om.rao@gmail.com,7511667365,52,25-08-2026,15:49:15
A024,Aarav Patil,aarav.patil@gmail.com,7570765543,55,04-06-2025,15:26:01
A025,Karan Patil,karan.patil@gmail.com,7682489399,85,27-01-2025,22:39:10
A026,Tanya Iyer,tanya.iyer@gmail.com,7830505063,90,20-07-2025,12:13:54
A027,Isha Iyer,isha.iyer@gmail.com,9557979051,49,29-01-2025,10:22:23
A028,Aditya Sharma,aditya.sharma@gmail.com,7435912284,112,03-02-2025,17:56:22
A029,Aditya Mehta,aditya.mehta@gmail.com,7509261358,127,18-02-2026,00:54:01
A030,Rahul Iyer,rahul.iyer@gmail.com,7090955027,134,20-10-2026,05:03:31
A031,Rohan Pawar,rohan.pawar@gmail.com,7198648082,74,30-06-2025,23:02:20
A032,Om Joshi,om.joshi@gmail.com,8820947730,66,05-03-2026,03:22:53
A033,Isha Pawar,isha.pawar@gmail.com,7999879412,57,24-06-2026,08:08:16
A034,Aarav Joshi,aarav.joshi@gmail.com,8810906187,51,14-02-2025,03:04:20
A035,Aditya Mehta,aditya.mehta@gmail.com,8798201833,12,20-04-2025,22:56:13
A036,Neha Sharma,neha.sharma@gmail.com,9772264447,128,15-04-2025,10:54:10
A037,Karan Deshmukh,karan.deshmukh@gmail.com,9368378559,71,30-05-2025,22:25:54
A038,Aarav Pawar,aarav.pawar@gmail.com,9168286942,110,16-07-2026,19:33:07
A039,Om Deshmukh,om.deshmukh@gmail.com,8220449981,135,31-07-2025,12:17:02
A040,Priya Patil,priya.patil@gmail.com,8585999953,80,25-07-2025,13:40:11
A041,Siya Gupta,siya.gupta@gmail.com,7266437974,113,16-09-2026,15:01:14
A042,Om Deshmukh,om.deshmukh@gmail.com,9611343113,2,02-02-2026,17:05:58
A043,Sneha Sharma,sneha.sharma@gmail.com,7014199380,107,06-02-2025,05:29:07
A044,Sneha Sharma,sneha.sharma@gmail.com,8761937403,4,03-11-2026,08:02:16
A045,Sneha Pawar,sneha.pawar@gmail.com,7683201649,110,05-12-2025,17:08:58
A046,Om Sharma,om.sharma@gmail.com,7959043095,95,05-06-2025,12:18:21
A047,Siya Rao,siya.rao@gmail.com,7929523177,106,12-05-2025,11:54:32
A048,Priya Sharma,priya.sharma@gmail.com,7736095785,111,04-07-2025,20:15:54
A049,Siya Kulkarni,siya.kulkarni@gmail.com,9935655239,47,07-11-2026,20:19:55
A050,Sneha Deshmukh,sneha.deshmukh@gmail.com,7771015062,141,10-01-2025,18:09:24
A051,Tanya Pawar,tanya.pawar@gmail.com,7058275014,121,20-11-2026,15:00:38
A052,Aarav Sharma,aarav.sharma@gmail.com,9266666353,46,17-06-2026,15:25:39
A053,Neha Pawar,neha.pawar@gmail.com,9243643826,63,25-11-2026,06:34:19
A054,Siya Deshmukh,siya.deshmukh@gmail.com,7041800732,128,17-06-2026,14:11:20
A055,Rahul Pawar,rahul.pawar@gmail.com,7142276057,44,10-01-2026,09:09:54
A056,Rahul Deshmukh,rahul.deshmukh@gmail.com,9080116541,18,03-09-2026,01:50:23
A057,Neha Gupta,neha.gupta@gmail.com,8054160826,62,17-05-2025,19:49:11
A058,Om Gupta,om.gupta@gmail.com,7831803926,45,10-07-2026,11:44:13
A059,Aditya Pawar,aditya.pawar@gmail.com,7935509797,116,18-08-2025,02:17:32
A060,Nikhil Deshmukh,nikhil.deshmukh@gmail.com,8183687698,149,04-08-2026,20:26:30
A061,Isha Deshmukh,isha.deshmukh@gmail.com,7600214486,74,02-08-2026,07:41:44
A062,Sneha Patil,sneha.patil@gmail.com,8423033123,124,01-11-2025,21:20:38
A063,Rohan Deshmukh,rohan.deshmukh@gmail.com,9150142714,26,09-03-2026,17:34:50
A064,Isha Mehta,isha.mehta@gmail.com,7177199540,83,11-10-2026,14:50:26
A065,Siya Pawar,siya.pawar@gmail.com,8732012544,78,07-03-2025,02:07:33
A066,Isha Gupta,isha.gupta@gmail.com,7388568289,37,01-03-2026,19:28:27
A067,Tanya Patil,tanya.patil@gmail.com,9966640563,95,29-03-2025,02:51:05
A068,Rohan Rao,rohan.rao@gmail.com,9651870158,146,07-01-2025,14:00:12
A069,Neha Rao,neha.rao@gmail.com,7124580294,87,14-03-2025,02:01:46
A070,Isha Sharma,isha.sharma@gmail.com,9478498074,82,27-10-2025,07:41:55
A071,Isha Patil,isha.patil@gmail.com,8820826651,21,31-10-2025,08:30:19
A072,Ananya Sharma,ananya.sharma@gmail.com,8060478752,129,14-07-2026,01:39:36
A073,Om Mehta,om.mehta@gmail.com,8094871366,1,09-03-2026,13:14:26
A074,Priya Gupta,priya.gupta@gmail.com,7595006201,137,15-06-2025,00:23:50
A075,Ananya Gupta,ananya.gupta@gmail.com,8428825309,39,05-11-2025,13:19:17
A076,Ananya Deshmukh,ananya.deshmukh@gmail.com,9170177461,133,18-10-2025,09:01:55
A077,Karan Rao,karan.rao@gmail.com,9922578829,2,21-09-2025,14:19:30
A078,Isha Iyer,isha.iyer@gmail.com,8004697588,95,07-06-2025,04:25:35
A079,Isha Joshi,isha.joshi@gmail.com,7767320525,96,27-10-2025,04:32:52
A080,Aarav Pawar,aarav.pawar@gmail.com,7688643558,145,14-01-2026,01:55:56
A081,Karan Joshi,karan.joshi@gmail.com,7720848929,125,29-08-2025,18:23:23
A082,Rohan Joshi,rohan.joshi@gmail.com,8348663245,44,29-06-2025,06:06:17
A083,Om Rao,om.rao@gmail.com,9346052597,37,08-10-2025,23:06:00
A084,Priya Mehta,priya.mehta@gmail.com,7993245099,59,13-04-2025,03:09:52
A085,Isha Iyer,isha.iyer@gmail.com,7847071309,27,15-03-2026,00:50:35
A086,Nikhil Pawar,nikhil.pawar@gmail.com,9525332058,6,08-05-2026,00:39:04
A087,Tanya Patil,tanya.patil@gmail.com,9341196196,128,24-09-2026,23:54:55
A088,Rohan Patil,rohan.patil@gmail.com,9469111766,73,16-01-2025,04:32:36
A089,Karan Gupta,karan.gupta@gmail.com,9535395648,101,06-06-2025,07:45:40
A090,Rahul Deshmukh,rahul.deshmukh@gmail.com,8903290094,72,16-07-2025,18:34:59
A091,Om Deshmukh,om.deshmukh@gmail.com,7237906364,19,20-03-2026,17:11:50
A092,Rahul Iyer,rahul.iyer@gmail.com,7754128452,104,03-01-2025,20:04:57
A093,Aditya Joshi,aditya.joshi@gmail.com,9376197233,56,18-09-2025,14:00:26
A094,Siya Deshmukh,siya.deshmukh@gmail.com,7399236838,127,08-03-2026,23:34:47
A095,Siya Kulkarni,siya.kulkarni@gmail.com,7491285303,131,03-09-2026,02:58:56
A096,Om Patil,om.patil@gmail.com,7564695501,80,01-12-2026,15:40:16
A097,Rohan Patil,rohan.patil@gmail.com,9024059907,73,31-07-2026,06:22:40
A098,Sneha Mehta,sneha.mehta@gmail.com,8107943674,26,27-12-2025,20:21:23
A099,Priya Kulkarni,priya.kulkarni@gmail.com,7738899758,93,29-06-2026,17:56:26
A100,Aarav Rao,aarav.rao@gmail.com,8744872807,110,20-09-2026,16:39:05
A101,Sneha Joshi,sneha.joshi@gmail.com,7528749429,11,10-01-2025,11:10:32
A102,Om Joshi,om.joshi@gmail.com,7099202492,99,14-03-2025,16:38:45
A103,Siya Deshmukh,siya.deshmukh@gmail.com,7773958459,56,25-08-2025,14:58:03
A104,Tanya Pawar,tanya.pawar@gmail.com,9927877817,51,03-08-2026,16:06:32
A105,Aarav Pawar,aarav.pawar@gmail.com,9292876153,93,07-01-2026,04:23:47
A106,Rohan Patil,rohan.patil@gmail.com,7090077012,44,15-10-2025,16:08:24
A107,Om Gupta,om.gupta@gmail.com,7218791904,133,09-01-2026,18:39:26
A108,Aditya Kulkarni,aditya.kulkarni@gmail.com,9497448593,93,10-06-2025,17:00:46
A109,Siya Kulkarni,siya.kulkarni@gmail.com,8403007696,140,04-07-2025,00:22:15
A110,Priya Mehta,priya.mehta@gmail.com,8714094458,58,22-05-2026,01:46:14
A111,Om Deshmukh,om.deshmukh@gmail.com,8418812308,110,03-09-2026,00:50:01
A112,Priya Iyer,priya.iyer@gmail.com,8383786041,27,20-04-2026,23:17:55
A113,Siya Gupta,siya.gupta@gmail.com,7769366804,147,23-10-2026,16:53:10
A114,Ananya Pawar,ananya.pawar@gmail.com,7176799443,113,27-08-2025,19:35:15
A115,Priya Patil,priya.patil@gmail.com,8765904260,77,19-08-2026,05:07:34
A116,Aditya Gupta,aditya.gupta@gmail.com,9831814527,71,06-06-2025,03:11:57
A117,Aditya Iyer,aditya.iyer@gmail.com,8186455251,17,20-08-2026,12:31:29
A118,Om Joshi,om.joshi@gmail.com,8933259395,16,07-04-2026,13:59:04
A119,Tanya Pawar,tanya.pawar@gmail.com,8534513529,150,06-07-2025,13:01:47
A120,Sneha Rao,sneha.rao@gmail.com,8312888832,50,05-02-2026,11:45:13
A121,Nikhil Deshmukh,nikhil.deshmukh@gmail.com,9543731565,99,11-04-2025,05:39:24
A122,Isha Gupta,isha.gupta@gmail.com,8150964372,128,27-05-2025,19:41:20
A123,Siya Kulkarni,siya.kulkarni@gmail.com,8267130779,123,26-07-2025,00:11:22
A124,Aditya Kulkarni,aditya.kulkarni@gmail.com,7697345811,37,08-01-2025,17:45:47
A125,Rohan Deshmukh,rohan.deshmukh@gmail.com,7752730248,124,06-04-2026,04:43:33
A126,Tanya Iyer,tanya.iyer@gmail.com,8350084022,104,22-02-2025,11:08:38
A127,Aditya Deshmukh,aditya.deshmukh@gmail.com,7572535796,8,24-03-2025,15:25:09
A128,Aarav Iyer,aarav.iyer@gmail.com,7248887665,40,16-07-2026,06:14:57
A129,Rohan Sharma,rohan.sharma@gmail.com,8161643919,23,05-10-2026,04:30:10
A130,Isha Mehta,isha.mehta@gmail.com,8675529901,73,22-10-2026,12:48:09
A131,Nikhil Deshmukh,nikhil.deshmukh@gmail.com,8932798482,30,08-04-2025,04:04:42
A132,Sneha Kulkarni,sneha.kulkarni@gmail.com,8593190433,88,28-09-2026,08:42:33
A133,Ananya Joshi,ananya.joshi@gmail.com,8719558994,45,25-10-2026,11:11:38
A134,Ananya Sharma,ananya.sharma@gmail.com,8897425169,147,07-05-2026,07:18:26
A135,Rohan Pawar,rohan.pawar@gmail.com,7866011093,53,06-10-2025,14:04:50
A136,Nikhil Gupta,nikhil.gupta@gmail.com,8273484699,42,04-03-2026,20:31:38
A137,Aditya Joshi,aditya.joshi@gmail.com,9745658940,106,07-05-2026,21:52:19
A138,Aarav Iyer,aarav.iyer@gmail.com,7315106426,112,24-09-2026,23:24:23
A139,Siya Kulkarni,siya.kulkarni@gmail.com,7646884858,41,24-04-2026,15:19:15
A140,Karan Mehta,karan.mehta@gmail.com,9224981241,68,11-10-2025,07:39:07
A141,Aditya Pawar,aditya.pawar@gmail.com,9913400715,88,28-09-2025,13:37:03
A142,Neha Deshmukh,neha.deshmukh@gmail.com,8288249747,64,24-02-2026,18:00:52
A143,Om Sharma,om.sharma@gmail.com,8781557184,69,28-03-2025,20:55:39
A144,Aarav Kulkarni,aarav.kulkarni@gmail.com,8070609478,116,10-04-2025,11:47:45
A145,Priya Kulkarni,priya.kulkarni@gmail.com,8032788230,150,22-11-2026,12:09:31
A146,Sneha Deshmukh,sneha.deshmukh@gmail.com,9816868055,14,13-01-2026,17:57:35
A147,Karan Rao,karan.rao@gmail.com,9123682315,11,29-06-2026,19:18:05
A148,Priya Sharma,priya.sharma@gmail.com,7891404616,53,09-09-2025,17:42:02
A149,Aarav Iyer,aarav.iyer@gmail.com,9867454167,82,19-11-2026,11:46:47
A150,Aarav Kulkarni,aarav.kulkarni@gmail.com,8605143508,133,13-10-2025,23:32:43
A151,Priya Iyer,priya.iyer@gmail.com,7215699962,80,03-10-2025,03:41:52
A152,Karan Pawar,karan.pawar@gmail.com,9828597450,44,26-07-2026,09:02:08
A153,Aarav Gupta,aarav.gupta@gmail.com,8925264140,104,20-07-2025,06:32:27
A154,Om Iyer,om.iyer@gmail.com,7793933347,130,20-02-2026,08:13:40
A155,Priya Mehta,priya.mehta@gmail.com,9413335350,67,20-07-2026,04:59:49
A156,Om Mehta,om.mehta@gmail.com,9215314066,79,17-06-2025,17:31:50
A157,Sneha Kulkarni,sneha.kulkarni@gmail.com,7271045882,34,28-07-2026,18:42:57
A158,Siya Sharma,siya.sharma@gmail.com,7418705649,68,20-03-2025,07:52:15
A159,Nikhil Patil,nikhil.patil@gmail.com,8263919305,59,04-03-2026,11:05:02
A160,Tanya Rao,tanya.rao@gmail.com,8974797126,142,20-01-2026,00:20:18
A161,Nikhil Pawar,nikhil.pawar@gmail.com,9244619713,24,30-12-2026,01:49:52
A162,Nikhil Pawar,nikhil.pawar@gmail.com,7510780220,72,10-11-2026,01:04:00
A163,Isha Iyer,isha.iyer@gmail.com,7733939456,25,10-02-2026,15:38:18
A164,Nikhil Deshmukh,nikhil.deshmukh@gmail.com,7573575853,8,27-01-2026,16:53:34
A165,Neha Mehta,neha.mehta@gmail.com,9993958476,114,26-12-2026,07:04:15
A166,Om Deshmukh,om.deshmukh@gmail.com,8369552245,73,24-06-2025,01:04:43
A167,Sneha Mehta,sneha.mehta@gmail.com,7701497880,144,19-04-2025,01:52:45
A168,Rohan Patil,rohan.patil@gmail.com,9471687449,120,20-03-2026,19:08:11
A169,Ananya Patil,ananya.patil@gmail.com,9709914883,14,23-11-2025,19:55:40
A170,Karan Joshi,karan.joshi@gmail.com,7912361002,97,24-01-2025,07:23:56
A171,Rohan Pawar,rohan.pawar@gmail.com,9897334908,71,21-06-2025,15:14:02
A172,Karan Deshmukh,karan.deshmukh@gmail.com,7564731416,28,21-04-2025,11:28:56
A173,Neha Mehta,neha.mehta@gmail.com,8282672680,72,17-05-2026,07:31:45
A174,Rohan Joshi,rohan.joshi@gmail.com,9078242217,134,03-03-2025,09:39:38
A175,Priya Mehta,priya.mehta@gmail.com,7558800777,141,25-03-2025,23:25:06
A176,Rohan Pawar,rohan.pawar@gmail.com,9399470466,33,25-02-2025,14:05:09
A177,Sneha Patil,sneha.patil@gmail.com,9804170587,56,14-09-2026,00:07:38
A178,Priya Gupta,priya.gupta@gmail.com,7974599567,79,17-12-2025,02:12:14
A179,Isha Iyer,isha.iyer@gmail.com,7714908555,77,02-12-2025,00:14:49
A180,Ananya Kulkarni,ananya.kulkarni@gmail.com,9727453367,138,21-10-2026,20:57:00
A181,Karan Pawar,karan.pawar@gmail.com,8939755712,102,19-06-2025,01:45:39
A182,Nikhil Iyer,nikhil.iyer@gmail.com,8399540400,22,16-02-2026,00:44:35
A183,Om Iyer,om.iyer@gmail.com,8509183286,87,26-09-2026,03:00:47
A184,Rahul Iyer,rahul.iyer@gmail.com,9878185315,78,29-11-2025,23:39:16
A185,Rahul Sharma,rahul.sharma@gmail.com,9273959837,60,21-06-2026,18:48:58
A186,Neha Sharma,neha.sharma@gmail.com,9991726992,113,03-12-2025,11:54:01
A187,Isha Pawar,isha.pawar@gmail.com,7678798317,92,18-01-2026,23:29:44
A188,Siya Gupta,siya.gupta@gmail.com,7878426772,71,31-01-2025,16:27:58
A189,Karan Patil,karan.patil@gmail.com,9839395681,72,02-04-2026,13:52:05
A190,Rohan Rao,rohan.rao@gmail.com,8464505536,62,13-05-2026,10:34:03
A191,Om Joshi,om.joshi@gmail.com,9324079071,147,17-12-2025,10:02:19
A192,Aditya Sharma,aditya.sharma@gmail.com,9798859120,114,20-02-2025,17:21:31
A193,Aditya Sharma,aditya.sharma@gmail.com,7967616207,34,01-10-2026,14:54:40
A194,Tanya Joshi,tanya.joshi@gmail.com,9324965168,115,13-10-2025,16:14:24
A195,Om Pawar,om.pawar@gmail.com,7733932453,35,27-03-2025,11:43:46
A196,Tanya Kulkarni,tanya.kulkarni@gmail.com,9132086580,47,22-01-2026,00:43:28
A197,Priya Pawar,priya.pawar@gmail.com,8970144447,40,17-12-2026,13:21:53
A198,Isha Patil,isha.patil@gmail.com,7936760915,77,25-08-2026,19:51:18
A199,Nikhil Mehta,nikhil.mehta@gmail.com,9544409885,51,06-01-2026,08:28:21
A200,Priya Deshmukh,priya.deshmukh@gmail.com,8091195526,149,14-07-2026,20:54:22
A201,Karan Patil,karan.patil@gmail.com,7543376409,95,28-08-2026,05:47:07
A202,Priya Mehta,priya.mehta@gmail.com,9328976068,105,07-09-2025,04:19:31
A203,Om Mehta,om.mehta@gmail.com,8967180083,71,27-04-2025,21:28:32
A204,Aarav Kulkarni,aarav.kulkarni@gmail.com,9437751760,64,30-11-2025,13:41:50
A205,Karan Rao,karan.rao@gmail.com,8523449626,96,17-01-2026,11:55:28
A206,Neha Patil,neha.patil@gmail.com,7755236526,93,23-08-2025,05:26:28
A207,Nikhil Mehta,nikhil.mehta@gmail.com,7562478355,131,16-01-2025,10:52:24
A208,Siya Patil,siya.patil@gmail.com,7377744808,17,23-09-2025,15:38:25
A209,Ananya Deshmukh,ananya.deshmukh@gmail.com,8746003553,49,14-10-2025,07:57:02
A210,Neha Kulkarni,neha.kulkarni@gmail.com,8694525701,103,14-11-2026,03:30:23
A211,Nikhil Deshmukh,nikhil.deshmukh@gmail.com,9804119348,79,25-01-2025,04:10:58
A212,Karan Deshmukh,karan.deshmukh@gmail.com,7657134681,144,31-07-2025,16:20:20
A213,Aditya Rao,aditya.rao@gmail.com,8801284718,68,23-09-2025,13:31:16
A214,Sneha Rao,sneha.rao@gmail.com,7961778443,123,12-06-2025,02:23:47
A215,Tanya Mehta,tanya.mehta@gmail.com,7917754356,130,31-05-2026,20:48:15
A216,Aditya Joshi,aditya.joshi@gmail.com,7175569183,6,19-11-2025,02:52:24
A217,Neha Joshi,neha.joshi@gmail.com,9641642218,43,30-12-2026,09:35:49
A218,Nikhil Iyer,nikhil.iyer@gmail.com,9335200516,134,08-10-2025,10:03:06
A219,Tanya Mehta,tanya.mehta@gmail.com,9873792661,95,27-05-2026,21:50:58
A220,Neha Joshi,neha.joshi@gmail.com,9240093477,100,03-10-2026,02:11:07
A221,Aarav Rao,aarav.rao@gmail.com,8737000456,85,19-12-2025,07:29:23
A222,Rohan Joshi,rohan.joshi@gmail.com,7951906468,22,26-05-2025,01:47:35
A223,Sneha Iyer,sneha.iyer@gmail.com,7990276614,88,22-02-2026,04:23:59
A224,Ananya Mehta,ananya.mehta@gmail.com,9172354961,85,24-08-2026,18:40:49
A225,Nikhil Mehta,nikhil.mehta@gmail.com,9562256161,41,06-07-2025,10:38:33
A226,Siya Joshi,siya.joshi@gmail.com,7453579624,56,22-03-2026,03:05:34
A227,Aarav Sharma,aarav.sharma@gmail.com,8158310018,115,08-07-2026,15:03:57
A228,Aarav Pawar,aarav.pawar@gmail.com,9132314026,57,08-11-2026,01:04:08
A229,Neha Mehta,neha.mehta@gmail.com,7373119864,29,25-09-2025,15:53:00
A230,Rahul Kulkarni,rahul.kulkarni@gmail.com,9518122127,101,17-06-2025,10:26:14
A231,Om Rao,om.rao@gmail.com,7321200449,97,23-02-2025,13:32:18
A232,Sneha Deshmukh,sneha.deshmukh@gmail.com,8938670771,68,02-04-2025,13:25:13
A233,Karan Sharma,karan.sharma@gmail.com,9378068707,67,30-10-2025,16:47:31
A234,Nikhil Rao,nikhil.rao@gmail.com,9492424486,30,22-05-2025,20:10:56
A235,Aditya Deshmukh,aditya.deshmukh@gmail.com,7803528492,36,20-01-2026,15:48:13
A236,Om Deshmukh,om.deshmukh@gmail.com,8061182474,113,18-10-2026,09:38:08
A237,Siya Iyer,siya.iyer@gmail.com,8607329856,140,30-11-2026,09:14:13
A238,Tanya Rao,tanya.rao@gmail.com,8524117855,119,14-05-2026,04:58:59
A239,Rahul Patil,rahul.patil@gmail.com,8879818492,40,17-05-2026,15:18:49
A240,Sneha Rao,sneha.rao@gmail.com,9758782704,138,12-01-2025,01:09:45
A241,Neha Kulkarni,neha.kulkarni@gmail.com,7395415604,29,27-08-2025,22:13:08
A242,Nikhil Mehta,nikhil.mehta@gmail.com,7239480030,6,10-07-2026,19:23:55
A243,Sneha Sharma,sneha.sharma@gmail.com,9004056943,76,13-03-2026,19:24:35
A244,Aditya Rao,aditya.rao@gmail.com,7953149009,73,23-02-2025,20:00:14
A245,Priya Patil,priya.patil@gmail.com,8931925673,20,09-11-2025,00:29:51
A246,Aarav Gupta,aarav.gupta@gmail.com,7094459174,27,11-10-2025,13:20:16
A247,Sneha Mehta,sneha.mehta@gmail.com,8456014412,62,06-06-2026,21:51:04
A248,Siya Mehta,siya.mehta@gmail.com,9283594554,86,27-01-2025,04:00:42
A249,Om Deshmukh,om.deshmukh@gmail.com,7042203215,138,30-09-2026,12:04:00
A250,Rohan Sharma,rohan.sharma@gmail.com,8160487516,71,25-09-2025,14:11:17
A251,Priya Joshi,priya.joshi@gmail.com,9012065391,85,02-01-2025,21:52:57
A252,Isha Iyer,isha.iyer@gmail.com,8031641904,70,12-09-2025,17:00:31
A253,Ananya Iyer,ananya.iyer@gmail.com,7143391130,10,20-05-2025,08:21:13
A254,Aarav Mehta,aarav.mehta@gmail.com,9511468229,35,22-03-2026,09:35:17
A255,Rohan Pawar,rohan.pawar@gmail.com,7689491954,70,26-12-2026,20:25:38
A256,Priya Joshi,priya.joshi@gmail.com,8877059776,122,04-08-2026,00:23:27
A257,Aditya Rao,aditya.rao@gmail.com,9719811836,51,16-10-2026,15:34:28
A258,Ananya Deshmukh,ananya.deshmukh@gmail.com,8757605142,85,12-08-2025,15:37:03
A259,Neha Gupta,neha.gupta@gmail.com,7727876877,112,01-06-2025,04:59:50
A260,Isha Joshi,isha.joshi@gmail.com,9431120483,72,05-07-2025,15:03:38
A261,Rohan Rao,rohan.rao@gmail.com,7494203595,146,04-09-2025,00:06:39
A262,Karan Gupta,karan.gupta@gmail.com,8786252545,55,07-08-2025,08:20:12
A263,Nikhil Deshmukh,nikhil.deshmukh@gmail.com,9237626624,104,19-08-2026,03:34:12
A264,Siya Iyer,siya.iyer@gmail.com,8785687451,15,10-05-2026,11:11:36
A265,Rohan Sharma,rohan.sharma@gmail.com,8967584929,42,12-09-2026,11:13:41
A266,Nikhil Joshi,nikhil.joshi@gmail.com,9059207956,36,25-06-2025,20:35:34
A267,Om Kulkarni,om.kulkarni@gmail.com,8619345792,98,21-02-2025,03:55:50
A268,Aditya Iyer,aditya.iyer@gmail.com,7242306949,85,05-01-2026,20:56:11
A269,Rohan Patil,rohan.patil@gmail.com,8544066281,31,04-06-2026,21:14:49
A270,Rohan Deshmukh,rohan.deshmukh@gmail.com,9457106282,147,14-03-2026,21:16:04
A271,Isha Deshmukh,isha.deshmukh@gmail.com,9772790484,130,01-05-2025,09:53:49
A272,Rohan Pawar,rohan.pawar@gmail.com,9151233214,144,23-01-2025,14:06:47
A273,Nikhil Kulkarni,nikhil.kulkarni@gmail.com,8924731233,114,21-12-2026,15:21:31
A274,Siya Kulkarni,siya.kulkarni@gmail.com,8997445934,79,19-03-2025,16:53:11
A275,Aarav Patil,aarav.patil@gmail.com,8822628898,46,01-09-2026,06:14:34
A276,Rohan Mehta,rohan.mehta@gmail.com,9804847234,3,26-06-2025,18:20:37
A277,Om Mehta,om.mehta@gmail.com,7792257229,11,31-01-2025,08:32:08
A278,Siya Joshi,siya.joshi@gmail.com,9281510658,12,31-10-2025,12:55:21
A279,Tanya Rao,tanya.rao@gmail.com,9020747932,132,09-05-2026,08:50:58
A280,Nikhil Sharma,nikhil.sharma@gmail.com,7906316868,59,09-05-2026,06:01:11
A281,Neha Rao,neha.rao@gmail.com,8144442338,33,31-03-2025,19:02:58
A282,Ananya Mehta,ananya.mehta@gmail.com,8416154063,84,21-10-2026,17:02:59
A283,Neha Kulkarni,neha.kulkarni@gmail.com,8549602298,89,19-01-2025,10:47:28
A284,Om Rao,om.rao@gmail.com,9447523579,82,01-09-2026,22:13:14
A285,Priya Sharma,priya.sharma@gmail.com,9381990143,124,26-05-2025,13:57:55
A286,Siya Sharma,siya.sharma@gmail.com,8858842769,4,11-08-2025,16:13:23
A287,Rohan Pawar,rohan.pawar@gmail.com,9787527040,76,16-07-2026,08:35:24
A288,Om Deshmukh,om.deshmukh@gmail.com,9853534607,63,03-03-2025,05:47:58
A289,Tanya Pawar,tanya.pawar@gmail.com,8736695195,45,11-10-2025,17:03:03
A290,Nikhil Sharma,nikhil.sharma@gmail.com,7089213349,127,30-11-2025,11:26:40
A291,Sneha Kulkarni,sneha.kulkarni@gmail.com,9488169514,106,20-06-2026,21:06:15
A292,Siya Pawar,siya.pawar@gmail.com,8598661907,8,04-03-2025,08:13:55
A293,Aarav Kulkarni,aarav.kulkarni@gmail.com,8887581202,130,09-11-2026,03:26:51
A294,Neha Deshmukh,neha.deshmukh@gmail.com,9074408379,28,31-05-2026,13:26:09
A295,Tanya Pawar,tanya.pawar@gmail.com,9694917508,28,15-10-2025,13:29:49
A296,Karan Rao,karan.rao@gmail.com,8785788440,92,23-05-2025,12:22:58
A297,Nikhil Iyer,nikhil.iyer@gmail.com,9759473492,3,09-03-2025,17:35:42
A298,Aarav Mehta,aarav.mehta@gmail.com,8921739786,52,23-02-2026,03:38:29
A299,Sneha Gupta,sneha.gupta@gmail.com,7308271610,31,24-06-2025,09:57:36
A300,Om Deshmukh,om.deshmukh@gmail.com,7263527573,22,19-07-2025,12:57:57
