1,bhavehs gadling,0,3423422423,fnsdfjkas@gmail.com
2,bhavesh gadling,0,4324434244,bhafafd@gmail.com
3,ffsdafsda fdsaf,0,4234324243,bhaveghsg@gmail.com
4,bhavesh gadling,0,4324324244,bhaevaew@gmail.com
5,bhaveh gdalinfsd,0,4324324343,jsfaaofjdaof@gmail.om
8,loggy navnahi,1,364425246,lofasdfafsdflkjnbfasfj@gmail.com
9,bavesh gadling,5,9370637753,bhaveshgadling2025@gmail.com
10,jkfdsdjafd,0,4324324442,jfdsllfkad@gamilc.om
11,helo w,1,9960403473,urnotbrave@gmail.com
12,leader,2,2222222222,leader@gmail.com
13,loder,0,8888888888,loder@gmail.com
14,bhavesh,2,3333333333,log@gmail.com
15,piyush deshpande,1,9999999999,piyush@gmail.com
